{"version":3,"hash":{"type":"Buffer","data":"MIoTQED0tNwTMvEOg5r2RXUFpV22xtVGl4vSKHgqV+JBXT32JjELIJMGKHnq1UVkryQfCsmvwrR+5692RA1+5i52oDT6pA8j1y4ImFDbIjaLWGfSiMwMwp8P0yDhY7YbtD08zCjBiR07pIurP/HbWzVn9r7IuDveQ+uYdaXn1E8="},"indexValueMap":{"QPlIwYQwu8b6Ltq5rTW8QkJkURiJd4P8moTuC44YXY0=":{"valueMac":{"type":"Buffer","data":"uZqTOTss0w91qAz695wE7Uon8HL9yhvD9JoRaVK9rm0="}},"0RtoROLC/h1lMOKfrCup31jX0q5WiTylTY+KbMzxMbM=":{"valueMac":{"type":"Buffer","data":"U3xtsyQYOxL7Gsyq3xDRQv6or/K8B6M6QakY+RKT6pg="}}}}