{"version":3,"hash":{"type":"Buffer","data":"3EADsz99oBf85/c6f3v2198FOwsqHryFNIKvSBf2M1Fo0gHdn0r3L4jgySBoseuhqJ9FLRlqP5EatNDiJOLzEeJKQiA1Ru/tcYPLmLC9ak3IIWvWmcZwuo7moksHknEfvvEKVfnUBruLxe3AFEByYFw9e+HKCerRfzCDjWxeuWc="},"indexValueMap":{"lZVfOYFsYeQ5832kiaSv6jNP+IEd7hwF0KK8+RXIHOQ=":{"valueMac":{"type":"Buffer","data":"IrWb/ekcasURnlLOMERKy3g+B1u+aDo6csMdUC+qcjU="}},"75NM0vr0fno2wQsKRcGnh+2dGV1xd5ldnnpJEFr75Ms=":{"valueMac":{"type":"Buffer","data":"lI/U+DR6uddze7TqnCz9uqo3mAYt50v3KIL3TYJDb28="}}}}