{"version":3,"hash":{"type":"Buffer","data":"a/PU1aX9vjd8ThGwKlkMmgwBnmT08+1OkIjw4zoQ5ph2WlBX9QHcrbIGYZxL70zCgTssiC6O+tSpAc2exkonAWX5L8IEEOTgb2dxnNcqXMqvKlWsPtc8ythgn6ZpuVF3iIIJsYUQC3rBSVEMM30g0WhvFvPc8pLlHyG4+cR5XFI="},"indexValueMap":{"3/hspDTJ39f1r/vhl4VtN/X+LpP435/xMaPhnb8GzfA=":{"valueMac":{"type":"Buffer","data":"ELWighcErH/u4EX9EHPrrUDvo4jbbphZcOK1YFWr1Bo="}},"ZFktIYL5rF3Yz/6mznugCjK+k07kQSiNv2GKJS2NJC4=":{"valueMac":{"type":"Buffer","data":"N1OgLRi9IGKZXe+8arbJ8X2YJwR1RJmx3p5lfOcC4Ek="}},"tfI+aoVbHF076ru5GwGubHlMKlIM47xqKO9H4eE3a4U=":{"valueMac":{"type":"Buffer","data":"Pfp5+FEqFShd5TAALHXnYbj589qgf+z7whNZGaiRvQI="}},"31Jzahaz7GlksbiCh3VJqwSLWYqA9gZbPLCqbspPoDc=":{"valueMac":{"type":"Buffer","data":"G1rXMJV4Tp8vSM8ww4+hQjg9Iww5HVkevWigOzS2F3M="}},"btCOuDBbJKBkJ8ctjd/JUQBkFv1SbXaIUTy36T8F6VM=":{"valueMac":{"type":"Buffer","data":"1ISKTp1t/Ie6km6vcHeHY0Y5V9+tP4jmrLnnawV+fa4="}}}}