{"version":4,"hash":{"type":"Buffer","data":"jlVSgDoptFluAfurmQhX+4yy9tqQtuwRbhpqivUaJ1c83SXyOKxEZrK4mvVBOsti9cjZ4l3GFqKSyl67utqaA/l3YBjKXZLoiwyLsDShTXWen5RVj91aVrc0mIC7Mt1dRhdqxlyU+PoOM8WlvARoIDTrw9MRf5H+WJSO78MPebg="},"indexValueMap":{"Kdrk/7usdVYPHMbKVgtSbgdiQey3AP+b3gxNKtnu94U=":{"valueMac":{"type":"Buffer","data":"Z7nMkG7xu9iskMkvTwF5KAym6+If5JnpiT8SXZK58Qs="}},"bHKGUxamfd3nkFt4va9L6HAoaJMb356MCDnHe3CtVwE=":{"valueMac":{"type":"Buffer","data":"rz45Q3g+4szgy/LJDdvTTFA7WrBXPiU7U1vpyXDhkjc="}},"KHX4qoHMDnhxDNff4xSETIwpPQdaPyv1EhhMqVlVddQ=":{"valueMac":{"type":"Buffer","data":"5sFRZwqLElEKyoUwxT7xHvv3QwKHGNYdBHccCwwQx5w="}},"uQ2sjg4YaiQHZ4WUM1J7tUhQJXxCkWdoaSqX2Rlr8fE=":{"valueMac":{"type":"Buffer","data":"4bI11tg23DtCxDUQsBa7eN0og9dgy6YDVfyHi7G8RtA="}},"V0iR/nG0fTAu+l7zotND0ZoLjqlZtnDVieOLQqtxEbE=":{"valueMac":{"type":"Buffer","data":"ohXExow25Ab28fFHOLCFGDztHSxKJBeVeeJMQDpEXwA="}},"J4bfEVqsOzr2oqOjkS4wa81DMqOKJ9FP286Q7D68WZY=":{"valueMac":{"type":"Buffer","data":"AIjClO0BwaL+uU35rEIBOBdMcc6h3tfgRV6z0hynqmY="}},"hxt/sdrkDDdfEOx1Hb1lXSBQKJc5VkQXpsRWHXsDwNU=":{"valueMac":{"type":"Buffer","data":"M21OMwBC43QCSgSU8VobOkInHdH/V8e/9iIiLsO7ZRY="}},"U4kYsuURixi5o6EZ5D3qJEcYbW0EdRUjsoIzZwyQmEw=":{"valueMac":{"type":"Buffer","data":"LAmVOD//WQhM5A/U/2QlA6ie2wG/jrxgnOdx43GpDc0="}},"0eaYLcJ13dM9VfqIDRpBYpcKdiClG5s5J+M6mEycyqo=":{"valueMac":{"type":"Buffer","data":"OEjV38S4mKGXfrGt7HRxfgNxtYDdoXe84JwyTkIGrjc="}},"l6yN9ZawHaHqzifHaBNMaUka3Yi/RMfZZAn8GD08MrU=":{"valueMac":{"type":"Buffer","data":"qi+Y8qGvg4v5SjbyFsYfaXLcY7glUklm48duVAxQZgs="}},"mGG54Gy+x7hrLY/f5KEYr1+oJ38G1FO9uIZ2MTBX1IE=":{"valueMac":{"type":"Buffer","data":"GC0Q7ynuWYg5+LCtWu0BykWIycl4fsG7P1RSLP8MvV0="}},"H6OAk7bo2jR+dq7w4MWR5qqcK8teTon3a7CwuPj5GuA=":{"valueMac":{"type":"Buffer","data":"RPz7KdbnqlUB9tAXbpniUbLh2d2ihRKJE65edZpk8Q8="}},"SbtwHq4dO8DuMkb244YhKFPFLBqq6Eq5j0dd6kpAuVI=":{"valueMac":{"type":"Buffer","data":"zkd/iwaY4CE1PLgVhyyljJQ8ax39Fw2sHplLD/bYlBs="}},"Y8cu66X5NxXbIHV95lEfoKXvgn87+JcXXqlbJYWOHZc=":{"valueMac":{"type":"Buffer","data":"S8ACt8qpmrEw27b2hO+PM0YwHdp+ujMZ/iaRxZyC0/c="}},"4eLeykAwDCo5fPcpdnq1RbgxY+nkzanI5oHWlcqDMZE=":{"valueMac":{"type":"Buffer","data":"NLsjjtVmOh+48KXuspVtVaZXDCT3uthTXd36KO2BpH8="}},"0YE7ZRPP9WssVUKCDOs0ExXPhtbAwZ+zDkOQowW5gy0=":{"valueMac":{"type":"Buffer","data":"lDQzVZ444BpOJJKX0mg0ZZ//0S8sEmf+VIp4Q9byl0A="}},"1csTmVVqmklEhovhKPEVZmEmOaYSjneW7k+5nxnJsk0=":{"valueMac":{"type":"Buffer","data":"+7D/xIZ2w7xAdi3Y3ZmHM2gJe4AsYylb9+agxxWVwcA="}},"M6gFNkD5XT1Bgj+nqkGs9fA7Z6dKX6Ilh7kap8jk92Y=":{"valueMac":{"type":"Buffer","data":"ZHCWVTsUWLwHPWssE7UPt/L28/MRxdnuul67vA2sruQ="}},"6HFilWIZfkYJ4anMry0wFlkgnUGSjk+d4bABInseKDU=":{"valueMac":{"type":"Buffer","data":"VJ9l2TPuY0l7JOiaDgpDDsKs1JVBzJyZq0bAow8+dYo="}},"Uti5J9UuFgdIcPqh/JUtrKzRJVzl/p5b/rylhfAF2Wo=":{"valueMac":{"type":"Buffer","data":"/nMtbgg+Zj0GgDD7Izp/uiyRhIQco2pKuww/CdSB/fc="}},"e154ZT7HHo+Ia1tDWciCSZ3+B4QhuluFMzR/TsjmCLg=":{"valueMac":{"type":"Buffer","data":"QFrp4GIKOUT25a0tPWJhtcsdWNRgJTesndky8omlPwk="}},"96dNIhVbIVaSxCTkGcLg/XRzpmwg7U4n5rn3CSRUKjk=":{"valueMac":{"type":"Buffer","data":"G7wdig4EEAWvPw2Gn/mIYhl+0U/yQJQS0vrZ4QXc6jg="}},"dYAkcuq9EdEL5j8j/fihprjB8qjG4ryADg8hZzelIA4=":{"valueMac":{"type":"Buffer","data":"fme9rZiAsJ0j7cCMwXQX/DG/nvB4C4sEX6GePczjtkg="}},"c5AS2Rp+g8ewGzogUPUbdKgcKzQDubxS8dA4JKj/G00=":{"valueMac":{"type":"Buffer","data":"JGuPrecsSCHs5HqUCToc4c7ZPaKCKqA0nfmx4IFEruo="}},"Gef4LnUn5LFCG9XIs7ocos47I4o4SgO75qwv0Fmdc2s=":{"valueMac":{"type":"Buffer","data":"+grFr6mCjHyJEgqvsRDqzzhq5B/hfz3c9olEnA7Pd88="}},"qh+4AeQzez6tZ2V4vRskIPdhPUjMGAalBPJzYuKRcNM=":{"valueMac":{"type":"Buffer","data":"NjBu2RBKVO07CnCqKjV7o7S9WpfryudgKZFLN4TWCys="}},"oHLkVFFWubloIDKDidTVkhqMhXlCKmkiYvqlW1be/7s=":{"valueMac":{"type":"Buffer","data":"xT2GDNfggNxYaWmqHVX0m9euqctr+HIB80G8MilBXns="}},"5x+XIxq/A+wZjjJhmDzFUs8kwo7jbuyo+srFQImQrik=":{"valueMac":{"type":"Buffer","data":"O7W4cCBYDr/8eV49/jyqbDi5ZZ5X0k0xnMLp2PLhs0k="}},"4yXW01q87pBoHF5q5ox4rBBqHEBxZpx90AbJ0ozyijM=":{"valueMac":{"type":"Buffer","data":"xFFizwYzsZE6ZMtrdVm1qTuxQKQhN0zX7mRTq8rWHzY="}},"4j9oOQDEiYBLxad1ZdB9v4aU6vF+KsVvp7+N1KM4VRA=":{"valueMac":{"type":"Buffer","data":"HnMco1j2uRhR4X6fbeZv1N85DvQ/ES3hsyaMSnjHljM="}},"8fbfRDd2BUO1ooadDXZS8t+eCHMu59GG1KmJWqyTZ6k=":{"valueMac":{"type":"Buffer","data":"h1uca9bisU1GUD5fIaoYGx9iZWlsqHBfRR5XL/5xfBE="}},"YJqkwUKG8+3hkMQEKQntkuR9v767Fmsz+kuqZq4rHWk=":{"valueMac":{"type":"Buffer","data":"RG70CDiH/A+jrMTGlpxWiCx/PBEXeSYLzB+ry9yUNEc="}},"a1BJzHxTZZ++tQ7ghfmESmoBLZDr7XkyiejBp6IEDJ4=":{"valueMac":{"type":"Buffer","data":"3z2m34y673HbITtjvU8gkjEnSCX7kiYx/SX+/3ffCIM="}},"pgHQAqpVUfk8n2ndmrezH3WZFqeMRGnfTMkVrLD6C/M=":{"valueMac":{"type":"Buffer","data":"NxHF7XadURWlhSYfulLGWLU2GohLY5hh6F1EN6H6qaY="}},"u3vYQgpV5ohR7WTjOOJRAkOx9IL8byAZLE/l7IsMEZo=":{"valueMac":{"type":"Buffer","data":"Z40XuvHM4v7e4hHKtGzmdlQCK5v7Tk0V5RHT/B2MI5I="}},"TIth6aeIJjVtR7RusgtDuIRR86N4yLn+nQK0MsKQfZs=":{"valueMac":{"type":"Buffer","data":"D2P+RIQ9GCGMZ0pq9KSN9h/sCzw11tMEBIeUfTEagzA="}},"6QCd+CXKlB1uk9GVJrKkA9cyEWfILVq6KQDe43BDVeo=":{"valueMac":{"type":"Buffer","data":"yufQfsSklj1dcDz1HutQV+p5LgLZWJAhHrdMks2Jt7g="}},"gEyc1khB50xB+EvwAdBf6l/JqWMQ4OyQMfuhmhzqcHI=":{"valueMac":{"type":"Buffer","data":"TZbVUG135mNuw5FzpA0fkEzVljnw6gQrxRGWpnbKxJI="}},"HZMyLs5fCEPUpW3bNJKmuu7Fn9goIwyciVgF5DVhUPM=":{"valueMac":{"type":"Buffer","data":"stWRrl9GsWGPsKXjcNtOiXYgaAPGMiACKKUfZ9LKJzY="}},"14FEb/yWXONTNiUIAEyvkdxsC2fczJBsB99DtuQ9/jE=":{"valueMac":{"type":"Buffer","data":"WyziyhQ+OnfapDbTmWgf9U8M6auVsV2cJ24uo6KhBGg="}},"jWsjXx0FWhhOhDbCPR/DRmZpZd0974esyTeQ9rU1bH0=":{"valueMac":{"type":"Buffer","data":"N4m9nlvkkXXhtGdXRZBdmuKOiHy3E8lG7oyLI4vZ5A0="}},"YRyYoUYRhnq2aEouHUR88cINCOIz64KZY+fmu/dQ+gU=":{"valueMac":{"type":"Buffer","data":"XyTkOUGLSK/vYr8e1ihJPzG1tb0e0sy9NaJ//bjRFWQ="}},"NCz/I+tRNWdFGsBOi0gXbgqzJVaabw0U7nTj0TOF6Ao=":{"valueMac":{"type":"Buffer","data":"SJR4puQQNg5/eTcbnWcKiIsnstz/xFM5MEqoPM2UYx8="}},"h8WJFJW5vZIMsIH6OxnG1dqm3GV9Rw9sWp8lvDpcp6Q=":{"valueMac":{"type":"Buffer","data":"/3m5dP0lfA+p/Jferf2csQLFx/5GWmLnGk3SXYVDegE="}},"gXmeWIgSRcUHDLipqgjeTWJOkgDAmG2yxd0mp4GFzT0=":{"valueMac":{"type":"Buffer","data":"zThWTXdf7enLjdXd36/C4gotwnRPSCDf2f+poOnZdBk="}},"v4eYl2FtNUfNq55Lr0pD35vnuQTOfKxhakw1T+fdwgY=":{"valueMac":{"type":"Buffer","data":"A2wCVZ/XboYllTmL3sltQw/j/NKkcO6PjE+rP7+WzDU="}},"72/1Ym2jncF3dtr6mEk/QasWiJ5DafKbeG5QJEwR5ac=":{"valueMac":{"type":"Buffer","data":"bL9thjN+/nZFRqBDhYfJ0gju7I8qenPOVkP7yeXz0Y4="}},"Km7Kfj3iRFzHqJ+r8s8jkbfqgQFGnND5/wmFKhGebiA=":{"valueMac":{"type":"Buffer","data":"Hn38DKU9Skf+KFqeQTwxPIsk+lyxgDATDYNMXgtYGJU="}},"Q0YXZg38I8ObL22sA39JSlk9HsEqwkzmjZ5OzG1h9NU=":{"valueMac":{"type":"Buffer","data":"0voKhn/7z0bRvhOcsHY0l9KaZGv2nyKhMSKlAr6mUM0="}},"OAWb5iytZTGcE6m0hjy/kub3ykUzpJLnt2QjsY0JDSY=":{"valueMac":{"type":"Buffer","data":"mrc5z3/xE+XRHsa+hFWRiTc6ozz8zjikA+fRym4XGzk="}},"KKFqxOrVS+I4ib1qNFzrfwnjQSWd7Jh+Ltob+NAykNc=":{"valueMac":{"type":"Buffer","data":"+q8jnVXtVx/dcOEHu3zWUDEVkv3023dybe3xtJyp7hE="}},"V0a+rHqe0Li88zJgh7LNz2wL9qBJvL9LDZOTeljsu9w=":{"valueMac":{"type":"Buffer","data":"Dg5mmoHUwqzdIf9TQk6w5hoosRoauP6/ItjJYWYtObA="}},"ofd7Qocyezm1Whnsmn+oBHWw7X+hA2z527+Y+H4SEes=":{"valueMac":{"type":"Buffer","data":"XgSLRazfL/PES8pw/DdBox1s/df9BeXXJVzHWLBVDdQ="}},"33W4bOi0Rdtya3vXq9hjpeon+IjIdM6g067RWlRq4E0=":{"valueMac":{"type":"Buffer","data":"UdZGu6CoNxXx8rbC1EruS51/gm58AxKl1t4hMCoPEy0="}},"jemk+0fiDzg1Y2GfrdNXz3ypu5wFq0Q4oi4yAP5hGQ8=":{"valueMac":{"type":"Buffer","data":"jvz4BkN8AusW/MOJSkF/1iVvEmwj0IDFUhatDa5HKD8="}},"TLjXooZUXzY8/DHWSDcFYx/ypyqO1Sn7E67uQGyh+Ps=":{"valueMac":{"type":"Buffer","data":"yKeRE5mi7hIQ5ulQAX9ds22rx6BR0eBdyvWvhB+edr8="}},"kiT6z42JhPf06YRR3jg0v045dqqm6TurCA1iuBpoLOw=":{"valueMac":{"type":"Buffer","data":"fFE6uGlXbEkHBT230iX4bERW08tedAM0E5cokN1pE3k="}},"UGD8Ts7ZhiCGLDSqHiOWYmm/CytohkxSkrtcryOx+iA=":{"valueMac":{"type":"Buffer","data":"GlhZtveZTJtf9J/BYIZH9jYccfeUlWuuUe2hhqjDk1E="}},"E/YIH50PZcUO5LZ5f7AW6iWrLLbcAXqIkiYiMIVgxQg=":{"valueMac":{"type":"Buffer","data":"5o6y77W/6EXvEZP0qucyHwfEvrIfGIKtmC6G2aNETN4="}},"JD7rMRlyeFJhnMvnVPN5z63DK1y6uuKrGXXvJg1zfS8=":{"valueMac":{"type":"Buffer","data":"qIhW50b5Tvnil6hcgqHY9UOuQMc+rpU50W9ls1P3DmI="}},"99u3E64Uda+LHcPNVb+SMCUZSYj7BqdQcNUf7pzfRoI=":{"valueMac":{"type":"Buffer","data":"XAmnJPRYKGqwhhCFVuLY0HXcSvxOtCkLu/j6h9QGPAA="}},"6gI9bObaElfjr8vGF8XImWbfskTukO3BtF2jmSBWPFk=":{"valueMac":{"type":"Buffer","data":"qHeXvE2SpMIsidfHEbBONRY0E4lj0AaLw/qR2OqH2SE="}},"ahFfbehgF5dFCfOGgmrW4CpbXKACP5O/O6Sy9cf1gMw=":{"valueMac":{"type":"Buffer","data":"Grb/9r1LVuLMsa8Rv//0IYYDppqlfZKJ7xpEc2XupR0="}},"s+eMwkxJ8FmJsKkqQtQM5BOK8gS1ys7UlxniwKta59A=":{"valueMac":{"type":"Buffer","data":"y+MuGb9iHVFUujHHseZ/8uoz4Zhy+OgcuYJ9NhS7ygo="}},"RwrtGixqYSQUgsSuIP1kfjuP7ZrATdr3Dvid/qo8RAo=":{"valueMac":{"type":"Buffer","data":"qdf0FUR4FPXl70pzA3dr3QHUWiDfjcmJTRbRM8kbFVs="}},"akDIIlUTRkg0twnOcRVoS2awabtMkM0/WavadBxP66U=":{"valueMac":{"type":"Buffer","data":"vMWbUX6vAQKg6FZHCBL8qRvksYE7swQ4v88frOALF1Q="}},"+Y3hFT3Q8nt0FBaIRtnHui/B1TKIfF/UoImAIKQV4Uc=":{"valueMac":{"type":"Buffer","data":"fAYFGK6yCpxzxLTXSeOztnrGR3+V5aiaFN/pxOlF1QM="}},"JD//QZEuwqINJ50okcwLThBvKYeeCmlpKjQzFcqsVBo=":{"valueMac":{"type":"Buffer","data":"KAMnJEXX2HK6FuEfquPcWCN00zKFjeQ4lBqY9C8wncw="}},"3fHyympHLQdXaB+CC8VXGDCdq7kJiDWxuHMPCc2ONxo=":{"valueMac":{"type":"Buffer","data":"xz2IsoDa5TQqIDA3i3D7xUctxEyP7Bsghl4ECkt8zZ0="}},"rlzvuuKTRqS3EYaL4Jls1nwNRAkyFFM+buK0xIEC3U8=":{"valueMac":{"type":"Buffer","data":"hEDN7T0sSgnk3L4GzxIZ3e2whBp1f4z6tHUtimoUtak="}},"xgTTXPsTI0RaFYF6RGOrOArdZ6XukH1HgFTYgvGH3K4=":{"valueMac":{"type":"Buffer","data":"oFtVl1ZAmgyyybZyyqeLjn+mQYiQrGUTh4eKw1fh2L8="}},"mXCuXty2TTkopblD+lDwSntUIbEuB3L7zdOpGe7lrHo=":{"valueMac":{"type":"Buffer","data":"BgC8trK9kkL218unk58owh/3Cz3j5Pzf0ueiObBpWE0="}},"q9bk3fxsT9JWhJYZ3J/vRubJvFTvtkx9JyNupTiCmvE=":{"valueMac":{"type":"Buffer","data":"yCOgD0FmzjoJcUIurPveHG5HYjJWjXDZtahQSDaZ0Co="}},"6fCEd5h/YkOupimJUl/5384P8o7z+gI24TanOcqIsTM=":{"valueMac":{"type":"Buffer","data":"xUthwvhChyv8uAnR3bTHkpOM0Fwz1NPHz/YqQWBQuIg="}},"i9brSgBEyTUbFXnW/vudrP4iAPmeVBa/BsghYJ6aqX4=":{"valueMac":{"type":"Buffer","data":"kgndOPYhWFKac9WLQa73WitLo1QcNrL2bIs69ZoLA+E="}},"CDRTVBES1UVyug6WLOH5Z1bAuPbJKjm8NfY1w/QGAM4=":{"valueMac":{"type":"Buffer","data":"yaiJDC79RPoX4keKG78Zn5yAx5BJa0lvjDOrjUEbdRo="}},"Yp0PmCSB3T7sGdKuV9mQb0GAm265VV8nqYo0CcE2j5s=":{"valueMac":{"type":"Buffer","data":"oqCGrvpE9uvNDaq4AwFV1klFAK4QZVNTYDkbIA7wQgc="}},"gAo2hVdIlknJ6iPytn9CpBo+hKKLELqpG1PIOwdh3P0=":{"valueMac":{"type":"Buffer","data":"2X7mLrWrWAZ6jrDLo96wQp8wmAyZNMt1rHfcScYkoOQ="}},"gg3D4JM3FfFnf1KdsUfrAo3bOI1CFjg/EeB+GA8fWyc=":{"valueMac":{"type":"Buffer","data":"BsVe3d8kgCXi0JmEArdFk9BbXVJL0EICRuzfzBBMnTc="}},"nI68VwLBtGeP6pi2F2gRKs4lPr16yobgLjeZ1Z7JxNY=":{"valueMac":{"type":"Buffer","data":"ePpb2sNrQSkfit+cUTKMTm2BPc8j+rEHIVlPpBDrJSM="}},"IoR9QghGbYmDhMA2QmY+vqHxKeMxZBOoB+8t0+TIxxM=":{"valueMac":{"type":"Buffer","data":"Y0bMFAEfQY/++p5oKo+8ShvttxPNQn5MPRUPRmL7UV8="}},"+h3zjwMIOvxIvy0fILbyySZgjLCGwvQ+I1ili9Le0Cg=":{"valueMac":{"type":"Buffer","data":"rk6dKxFvIUuw02N12PjBZt4EcamG1fsMLL/CW5LwvJw="}},"IoEfgyKejFS/OgGk3X0fWgPRQR5IOTk+KUfJvGO+RaM=":{"valueMac":{"type":"Buffer","data":"4g/5GVexdb/8zwwlxyrQ7BcvLRQDGp3yhNvFY/Gqr/g="}},"lsM4fNKEMCbwmDxrgDawCzkLLE2kDhs8+SKWFVOvw5M=":{"valueMac":{"type":"Buffer","data":"fU5HSRmr3pY89vQo+vBHlKxrD6567rEzj3AHNmRlwTk="}},"qxrTWpvZ2rCheEegYJySYwsxU+N/lvHhkUwcl7eek/U=":{"valueMac":{"type":"Buffer","data":"6us3oiGuJQ6DQtXf/jXg7F7DIJkzlnON8VxlZqbyQkU="}},"8cteQEkJVW5NS9+UO2YBEzx0fAjnoFencS6uCCpTLbw=":{"valueMac":{"type":"Buffer","data":"Ip0UqhFVLvQ92OGJfUzxkeBT3VanjW/8U9zmr3YzAW4="}},"ZpYzQq8v54LfxZrnAephbWBN3oWNzRODfE1JbjOXt4o=":{"valueMac":{"type":"Buffer","data":"HOZt0vj9u7QWG2uqqEgVxFWNMzlt+WAgv2lqOZz1iKs="}},"jnXBuKRLN06isbCrajieO2TtQSBUy8HGard22bTH88U=":{"valueMac":{"type":"Buffer","data":"SA6lBDZ/syYV3O2qF7BoPO3lTNz30jfW+LPcIJ3UPFk="}},"7GKStrAwqv8yVJ1XJJ1PqD/wPc5jny8NujIF+GmlK+0=":{"valueMac":{"type":"Buffer","data":"jXOLxnbB6f2lgs0C1BKE67GzLYm55imnk6RzOXLxyPE="}},"HEHx4XdmqpjRU1q8QaigVafNt11L+6XSVE627fg4Ly0=":{"valueMac":{"type":"Buffer","data":"ikCyaCPKj7hDY7a4OSgSgGHcxwSxuFftk1GS4gseV4w="}},"iNYgimp6W/JFdemBXU+C9qCqlNLtsO0Ko1M70iZpJso=":{"valueMac":{"type":"Buffer","data":"tYhO7AEDdWfaPGxk1E910gwgm7LyJZfXSTmMlAUjN0I="}},"EcvnQHUnpXjhDCh8ekuIspTxIJM4KeueMImmnXaK/mM=":{"valueMac":{"type":"Buffer","data":"NeruAFb0IeUU7hqqTInsmIRVov6zlC/FQGoK4wrGO5s="}},"NN7KfzM1vcqCOqdbVFUlXW3JzTzOeykA9iO/Sg/2lGk=":{"valueMac":{"type":"Buffer","data":"AR3H3W3tOcYgmwMshK1aeof9SmYaif8uSD4rY5P+wyo="}},"zzbkT18bacLyQYlCZCRisMJew1lxOexYw7bizXTjg60=":{"valueMac":{"type":"Buffer","data":"vUHJAgVuneOlOiCjl9byN6lOAjmObf5SXxROxMobkSc="}},"RcbMN3Zr1sSpoLodCniC/pLLEdMl6UYO9sd11Hzb0rM=":{"valueMac":{"type":"Buffer","data":"KnVfiZRbt8e98z4EFAslyiiDVIhJ3iZ1m1SND0U2QCo="}},"Hoph3EaVomP9w95fRJPJLAYUIQpWNmqEHZeQnMZFJok=":{"valueMac":{"type":"Buffer","data":"SWZ7ZxCKnFGAULFCn8enOCEfA8xT1WT6+jDqZs2rSFk="}},"sTH6T41zaqi1Z6Cd4dGhFJ8xFFy6+zBmAaedwDGGwOE=":{"valueMac":{"type":"Buffer","data":"GWGD5scehn52TT0Po3qq0dvsqDovBe9TrbcEEa1kYuc="}},"xqSQE8LgzTGFesCkhqLFpE53i8LNQh8y8VGElZLNIoQ=":{"valueMac":{"type":"Buffer","data":"A805dKBXlHTUk/DBJ8uW5JNIe9dllXFvCTHba0dEhJg="}},"aSQCtd67M0UtuM5BYmW1sqE8L4OVxJnAzAYOPO25yIQ=":{"valueMac":{"type":"Buffer","data":"d2VdijAjo8sTkZsu4ABVIkLrETmkH5nnPfAEMvii6Wo="}},"/ztDsTnMm+zD5rF8QAkKJ/hpU26rJsoQY11V7rEQjh8=":{"valueMac":{"type":"Buffer","data":"jT1KLssyb+fC1B7AraL6gAbiPjE/Pvohj/xDh7w4i78="}},"KKNK+iH6BNUz0SRzqal+59G3M94L4TEGHWtzlMG02r0=":{"valueMac":{"type":"Buffer","data":"D0zM0PW81kfCgDLo8kaqY0xxw3Rbz6RN3ojAjN933wg="}},"Hmb6wvb+V769bCrbbDpGNpr9RJXJIxVmRgKDoFFD3PA=":{"valueMac":{"type":"Buffer","data":"ykglUunleyfoSsoWswCUo4/U8lA2koKFAG0R1PPQwQc="}},"EdzgiBrzIeMsZ3o6RJXvqrG2ppdiI8lUVKqwSAm5GK8=":{"valueMac":{"type":"Buffer","data":"CE/lkXCss1KsM7UjBgufCC/PBG5yqzkgHgPcwAO19do="}},"DAiiNLBmDAqHhy8nRiif2QLSu8VmI9PxhmVzyJQx42I=":{"valueMac":{"type":"Buffer","data":"NZwB34sm7b0YC/gy/VOejgOZkcDLfQ58OFg/piO0/FY="}},"xEnPXRx2sMw3fgIiX4gRxlRP6E61jX0rDCaPT/r8moE=":{"valueMac":{"type":"Buffer","data":"vbAEdM8gMLrzBw3Kve8t9HugCjhdj5vCaVhbyb/dxMg="}},"fgb+x1wKnpvpmu3Hs5iTmlgmc+h/2DgsoibaT6IQm/0=":{"valueMac":{"type":"Buffer","data":"+jVE/wFMFBkcFUOthsKh2j3hX0DfEB2z0UcCOir5SgI="}},"PWwtZ3DACOegcSIQTGtDaEQA09fgeZUqBvRBThs5Gbs=":{"valueMac":{"type":"Buffer","data":"26+l9MCAohyCGkaRe8L9JC+8z2Qh8/iQqgCgPizSVVo="}},"TFVHpeKqLqKKpbXvWtg1XPU+P//KSINITiUW/J55cfY=":{"valueMac":{"type":"Buffer","data":"Kfvzk28DGlS4blAhp59LWkNI27XFquoG/PqRf0lFwwQ="}},"g8pxtUzUYwtaTLaqVrGAreta0WJQsHUvh7rEn0xwHcE=":{"valueMac":{"type":"Buffer","data":"jZeemMjAfpNQFDD7XWdNJSY02Ayjme19yDUsreTD1t8="}},"iREZRroU7tzVLO/fCyj3bUlXUipt1Jj3oBOrg08K9yk=":{"valueMac":{"type":"Buffer","data":"RrY4AOZ9j8vOn/VHFdHDoqxL5Lr+ELtUM2ej+MZJGZk="}},"xHRbgOQIKbG2OmNlpJukOZJepYg9RgOspgjyrJ+M9dA=":{"valueMac":{"type":"Buffer","data":"l3GKV0Gdd+5InZlbjr9RprCGK3dAg7heRl/E570XkaA="}},"UOLq934pa06plthZX9ZSSmyzptvLMMmyZOtcdB353P8=":{"valueMac":{"type":"Buffer","data":"LUVSEpqfnuTcCcsIT0Z6/3LHIIKfzluVwHvFodFXnHM="}},"W0EvILEuIkKF44crNagkPWfdNqUjL7dOIWEFqWP/X+M=":{"valueMac":{"type":"Buffer","data":"HaFujMYtpQxUooMb5o4cTIrokx429w/1nr7d+ol4qOw="}},"g96qgy9TgFH4ACQcYGpDjSKi8+kGDLmn0AqtAakTkzU=":{"valueMac":{"type":"Buffer","data":"yQ8qqdpk9ag7URiJYy9y8d3VBXLx0yEIVkrXChf41H0="}},"gVovb0eyr61SRkQmOi4+FFEOdQpCP5soNagqBUcJ9Mg=":{"valueMac":{"type":"Buffer","data":"pe2IuS1ZpsboPepMARaSW9LGb4IYrsxHcaN8iPhM8/c="}},"RSoUr9RUfA+OvC0TIY2rpGV7GZryWr955QSWT4v8YEQ=":{"valueMac":{"type":"Buffer","data":"oxwwK8mHyGHGU6tMUpL79ffsR7D8EErbmvhBe3w+W64="}},"pjgHuyENCCTuFuufDB2OoKpQKFwrsGntYFqSUkaE3lg=":{"valueMac":{"type":"Buffer","data":"T3gy/QKIwq00ELQ1MWqJ+MaRL/egNIv0TMobNHUQcoQ="}},"148nyeiRgHD6OinmYKYLeEL8nUMGrA33dsQkvNgEcXw=":{"valueMac":{"type":"Buffer","data":"F1y7aQEEi/kAU8b1bWge41yWZO6hflbEmOddsWeyLB4="}},"TjQVdHKgAg/ySacwfeL/cRWQqqdoBquSdsPdrOZc0YY=":{"valueMac":{"type":"Buffer","data":"XaQrNqx9Gw0NRqee9xXtj4hshxahEoICSAQCHCiLkh8="}},"1/7EZC/4w8LnnxAbY1VmI1PoGeB/4OWkfMceO+TnVtk=":{"valueMac":{"type":"Buffer","data":"YaEtavWf6TFTZd/wc8+0bd7sBLaBKRqn0lYBRnOWm2M="}},"5y1+covlladnYwwg5/lMG+2mW4Eggn7X5uq4xYc28+o=":{"valueMac":{"type":"Buffer","data":"djiqsaWN6ZO1amw7AnowanDmgzFcLuPtdVn9p5QEADs="}},"TT+8+sdkUh3lKc+0rguputx5j+KPU7OElmu0WK+iY40=":{"valueMac":{"type":"Buffer","data":"WpwZoaBWXa3EoqOn5ywmmm1AxTynei+dSFIymeZ7bms="}},"OI0pL9j5fty4FIZFWkZtzKfbtcJbBQm3mfC4bNYs8/8=":{"valueMac":{"type":"Buffer","data":"PGYu70uYd0662xVXzsW4zdVwbW3bOmKWcb8bUCOdIuw="}},"w8ZYedq3wGK9X7rYAIyR8tb9SrUyPcxXEVL9bE4rlIA=":{"valueMac":{"type":"Buffer","data":"OT+vrRQ12eGy9Ob5bgEBTFUlvCs92Ixp+IDJC9d0j64="}},"hwvmXGNQI8LnC8R9xyHR294c1zrFskpsLUDqkGB2DlE=":{"valueMac":{"type":"Buffer","data":"cjfp/y2h+zTlioTp8PJCKwkHiVW5vGMGQk3mQJNwqNs="}},"wDo4GGZx9FuO+cIDm7Z6X/kacV8wlBY0Cyxr2KARU1U=":{"valueMac":{"type":"Buffer","data":"lXgJlGJ/BcL1y8KsQHKoPSMCkwlbfz2JcT8++fgtN4o="}},"sNpc00Xx8/shR60/nodinowt85uXkCty6t3A4b0y2qQ=":{"valueMac":{"type":"Buffer","data":"jQAxGpmMKQUckDhxRCvDXhH5+Fg66sNqNTZl2iENSbQ="}},"n8U7ZFJWafd3+Imyq28svIgpUq0SrPh3Jz76ugnXyfk=":{"valueMac":{"type":"Buffer","data":"xcQCcOua2xShotOpUvO13g7xxZYGeTKMS2JRlq/xaZ0="}},"yDBpZu5vUQ3q6kuNZlfTGyMrT6Ai5ujNgeKUzKe3t2s=":{"valueMac":{"type":"Buffer","data":"Yek1l7mv2HF81OqS8SUTtpH7epqE3v6NphQTjqMNegM="}},"XxBvfFJeiKVaH5j2uXPZ9yE+Y6iprWSiH5/c5fL8H7c=":{"valueMac":{"type":"Buffer","data":"LD5ZMhjegsloivDxrLDyeLCDsnXS/kwmKEWj2vUOSqc="}},"S4o93StOGg7rG2KPDB9NgF7b5B5b+GLq889KwLwAVwM=":{"valueMac":{"type":"Buffer","data":"ZPgIe1ftVM+ZV0tA+UROkRCksFm91zbQlJAmAb67Frs="}},"MoInSkqCfyW3QXH8jrDjYVwtsVXcrYIoivzSp7sCpYc=":{"valueMac":{"type":"Buffer","data":"eJE8dB/k7smmDPvXEjdO6B6KWG2j5fT6tsPZVg1HmtE="}},"t7QmNOJnCDuJQXheFJbSeLjOxKFADrBJOyH3TWonUBo=":{"valueMac":{"type":"Buffer","data":"06NGamxPEKp+4JSMpn9xZ7ThJZstvQ8he2KxjlduavE="}},"vm0Nj3R/YUgxnfi774hD6NLHucz55cu/SphFPq4ofbE=":{"valueMac":{"type":"Buffer","data":"Ai96yBpqID9st+7fFw+3zO49tqznuOSWr1lHnfWSsL0="}},"+AJ4qdDO5vGFg3/czdvjaGKuaj+4drMSQZvhY14LW6g=":{"valueMac":{"type":"Buffer","data":"GRYC+2dUheIPhp1f2wqQ4CFPwIDRCR5YeCtxTwpmQak="}},"iIAvbBH9p1/scAPddM0kT2YpwqB6YVjD2HVbPTfM8So=":{"valueMac":{"type":"Buffer","data":"+XNjVvYLMR8UY15mNr/ZgmTHzLxxoec34tqQ156n54E="}},"xT8AUr6YSeighhRWOjlMDNIcCidTYoB4fYipD2fb8t4=":{"valueMac":{"type":"Buffer","data":"brHEatRi6HyMgp9J8YsKd3Xqr5g4Ojl4wJJOneAEVIk="}},"JMWfp0rysdMC9ifFkRPqs6cNgxjZsEr+MH37LPc6hb0=":{"valueMac":{"type":"Buffer","data":"IE7c0ved5MgBSUuIOVHbhTFB1mFJSyq7xuQEX6pb8Yo="}},"G8Hg6yFFhaQrH1Wjq1c5Bc2flZyZfTKOeIC2gMoaKp4=":{"valueMac":{"type":"Buffer","data":"8b0MEy88AmnNMXjqdVzFA5/eve8jdBU5vBLb7XoSNKs="}},"Amu2xPr9giMf01gdAHNQOIl9ZcdhG6IR3rGy/Zxje5A=":{"valueMac":{"type":"Buffer","data":"qcg8DXya+kqK4PV4Hv10BDSMLodVW40XzWkUX89C2dQ="}},"uwl7Uo74OT5M2LK/pNYsglaj0gQSfctYVwHWbcDuaa0=":{"valueMac":{"type":"Buffer","data":"1IdJNckH/YPlpcZYk3IQ7cCrzc6rLwPbaDQQ4ttBd84="}},"SyJ58BVg6JT+do6d9utcT1CrD+JztcbekbBNb5yjYGI=":{"valueMac":{"type":"Buffer","data":"JOfUJgvq98r9Nt7BRa4zelzUpegTlkTriP4RlJ1wv40="}},"veXVe9UQmqzguwEBVBq29majIyFUdLJN3fxeQrUIRgc=":{"valueMac":{"type":"Buffer","data":"uPURQbOfQZm+YRsVTB8IIroNMfDi2BAo9DKWUHRvaSQ="}},"hYV17SaVKFwi+47UjdI2fXeUtyTopHi4EyuUNSMgWJs=":{"valueMac":{"type":"Buffer","data":"H3AK3VS1nS9RVUJzD2/CUdyKVOJw7cD4fdKvROfqzKA="}},"f8warYkMrJJxfs8HiYlzfPCiwLKPN4xWZxcIBWMineM=":{"valueMac":{"type":"Buffer","data":"kuSBSVHAclfRI9LkIJZMVgnCuGByNJkfGPdbFol8CMc="}},"rWUaLqW9m8bIFk4eWi4eEawoEPLUG4N3bul7fZeVqRs=":{"valueMac":{"type":"Buffer","data":"I+2j93BADDYdII50Y+Qc1iYBC+kS4LgLB7iVWjSSlNk="}},"SZ4bELbhGXAgtOJ0k15COwQVgr2DeqJc2ELA+WTo42U=":{"valueMac":{"type":"Buffer","data":"UYGiCiuReK9lGIHwC1BFvYql26aaoWRVx1ZU1TTe18c="}},"P7WgHlK7yvuzxjWIaS3mXsJOyLzvt2n4D0mCKQABALs=":{"valueMac":{"type":"Buffer","data":"MF03yjHrvQO7qvEyMykZXJGhUNX8gNQ05aoNFxyNEvY="}},"UbGmFh23fi8XoafKwSvVpzjFvSGkTsvm+b5ypxCWMGw=":{"valueMac":{"type":"Buffer","data":"Jv0vcv2t40NYYzkjc8M18eK9uWmO8q18nrO+sIM81Tw="}},"5iJjHMD9YuNAO5XXN1Jqyb5zj5vWn0hXfC20mgpDf0c=":{"valueMac":{"type":"Buffer","data":"mJTU92RC345CX5eDUfaFJkBkP8QK9uJffqRizYUaH/c="}},"OK+6b56vEUW5Vw+Aw4d2+qWkTtbs2H+y02VarhliqE0=":{"valueMac":{"type":"Buffer","data":"joKP63TMPGZQfehezqSOnvYO1D9G7XKp+w+ITzAts94="}},"qb++4AiWorf6n/DVDsUhtNl3elbjYny0YxN2y+dHxb4=":{"valueMac":{"type":"Buffer","data":"tabwbfKaUhOUGiWlAY3eBtixscOUl1WdxwipMMSIwlA="}},"0VLBkj+jz6GHW7OfLbJb8oQZ89ozdNI0jIdZAt0VKXo=":{"valueMac":{"type":"Buffer","data":"XsEy4YiXrwws2kEOX4BViNxY2mYADKLzQn5JaH73U6o="}},"dDAlTVCsOQmcXtvszYEPl7swnk92NJ3CF2nj/QuhFWY=":{"valueMac":{"type":"Buffer","data":"1tVNW9SqTes8Fx4dpplC7QbYF/wGtGXsNACB/P1PjIk="}},"R1vS4tFpoNrWQQievJfqDhglW7uC8o/QiGmW85GcA2g=":{"valueMac":{"type":"Buffer","data":"ecNwdkZTaMNd0buuvkvqtjyHwtt3osQODLOAqDubBz0="}},"bNToXR/qwM33NXFVtriZBQ8Npsr+2soq3oLAvdSqpm8=":{"valueMac":{"type":"Buffer","data":"pZS5Gy2VxTyUsC35liAcLIs66yWhz3Xa0FqwTsjRWXY="}},"y8C1OztFrH7wEwQQdP2uzcL9Tvktrk0Aq/pDL+gcpME=":{"valueMac":{"type":"Buffer","data":"H0dg0hPEOVSpkG/fpYQIO4AiXO7+aSFFpBRVb9dpgxo="}},"qY/cnBQ/Dqbp6FPUO0dmXZjLVuEbEkq6LnlScy3M/7c=":{"valueMac":{"type":"Buffer","data":"uSxtC0+BxFDn2aro3UbpHFsqrItCcpWLTI0OR8fpHhM="}},"Txj2MUhQcYQorUmFAzYj9V9aUV/7ykXpgcYmrDt/i8g=":{"valueMac":{"type":"Buffer","data":"6H+iE/wMYlyOgWdL/W5h9HIxKASWV7tLY/wfEAWWP0s="}},"yXHAjEHGWN7/yVCQlLSuP4+gchLcZh+IFpw1/iIHgNM=":{"valueMac":{"type":"Buffer","data":"0GjHKHsS1asecfjHvjr9uFtQlgbPOsr3Du6HCqDcdL4="}},"TXRxG0zjSCKrbWYo4DzEf8xfCHZ4LJLOzMSK9XiZLMw=":{"valueMac":{"type":"Buffer","data":"/o7gmfr7HkN9PKMsM5j36c+pEqlbs4QXVzZGnonvBAU="}},"ij7Biy/lVJBwG2R2SUfqRzYH2rbosEF+aKbDOlVV5Ss=":{"valueMac":{"type":"Buffer","data":"jD57hSgLQectHT0zQZSYrH347icZifG2/mHeFp5WsIg="}},"GlaLDWVUsJ4eeBQz1s01zmzYM6qjb8/ipRAta9bZUl8=":{"valueMac":{"type":"Buffer","data":"q1Qbd52np5I6Z43aD0Qmrips/3Cd3gcmoNIN4dNIW+I="}},"jc59zQStDlRZI1CT4cMr4Vne+p1PMTyA7CbcPMv3AAU=":{"valueMac":{"type":"Buffer","data":"GXIhh0pr1egUaAx/1QeG3wb69b3B2LUnjY31PMSyXDo="}},"DXj0/bJ1TouL26QBQFs0NmSzk0WbKiOZi2Qy2XbXkSo=":{"valueMac":{"type":"Buffer","data":"ywo6y1ISFsS11Tp/lDgxNowWiKlBpBMSSkhLunYX8lk="}},"84nl2bJm324HkLbuJiBFWV2cCMwoOJDcW9vojvP2E7Y=":{"valueMac":{"type":"Buffer","data":"lUzdT4yMyrbO5kwh0MoaN14GgyY51T7sT5Tgp4lLy+8="}},"l5197WS8DCwduQDMXRnix+yWsprlW2aPk+SwJA8311M=":{"valueMac":{"type":"Buffer","data":"sKr6Df+8IcUKFOJVCDfylJgAPrdmsSUbgDfgbXL+/tE="}},"QpWxpNyj4OVeGT7K5zc6e5B+MQyTq4UzH0gfRM9v23k=":{"valueMac":{"type":"Buffer","data":"aZg5ron40oR35J50ez1WMldkVXFsHbyXn0aJdBhuya0="}},"Wj80CybKo3+ORING3sjMPm/sgA6E52XW94wVwl8ctio=":{"valueMac":{"type":"Buffer","data":"fDJI7X0EA88gX32YWzJ0cc5Wg3XK1Ae40Z1bPrc0ldc="}},"oyg4Cewby/RNHpAj3yZlGEqGdUAjuKy5R6N13ajBMsk=":{"valueMac":{"type":"Buffer","data":"NFPyd6+u80vpzGdchA7a3Pryyi9EIVlkQwqXszt+PTI="}},"NroVZCC5OUj0PxXybwDz5SfVbngt0lYuX669Uus/x4k=":{"valueMac":{"type":"Buffer","data":"qtk0QGptjL6JIAYgTTAeYvgdsmmvZpP7ciq72oXPg7A="}},"Aq78ymElB1AI62Ce71bGS4m6mjXZvChNheLQM8fkBX4=":{"valueMac":{"type":"Buffer","data":"Awz3kZDCJ1sJgpNFdNXHrLGNpKx74/DuyY8xWhUFLmc="}},"jbD+kq8D8aroSzEJGCmGPDQaQ6u5aTmygk7XrpXtkNI=":{"valueMac":{"type":"Buffer","data":"lSegtbLo1yO+TIYT57S5mMPG6d2YxeETMEQRd6sQZt8="}},"VDumuDnpliGvm7A6ircpCfFV/4q44uN5Ij+mvy7lSYc=":{"valueMac":{"type":"Buffer","data":"fMBRrmEblwX5lX/QNSaNxCfyhz3nteV4PVWIDM0Sgfg="}},"4dvtp3/xPKtdUwyXnpiHH0X6XLjZhahGs7PwH9BgWJI=":{"valueMac":{"type":"Buffer","data":"YpJ4HUCpssl+lc6dQfQQfJnJQfvkAw05h9LDtg4adJ4="}},"z39iZhaBq8ybYsU/4eanYs4UIJwp/qwNztTAgPuTwp8=":{"valueMac":{"type":"Buffer","data":"OrYFbwzF1BNy3+FONUkCri4n/0pXyaPnEJl0kOb6nPM="}},"QISj5dg4CQlGyVRB5GRE9y2JZ4cWwAwyEPkw+/VVIiU=":{"valueMac":{"type":"Buffer","data":"u43zxxZs4Tgrvw0gwQtBi7zGws8NcWYgA30Luyipmd4="}},"JOr0jkJh9XjzIAZYQv+velwHTHQtMdkaqnU9fox1nWw=":{"valueMac":{"type":"Buffer","data":"Xj/IGSzAMk2n8B3lrFDIeWQzz92+y0FiN16HnxtI2Bc="}},"fPEdpKpECZg5WN6cv6ebNMIFZ3B/3emSLsCDKlX9Xpc=":{"valueMac":{"type":"Buffer","data":"W4fanBp56r6atuFeQLJZ59fuVUT2DaMOnjl88m9LEM8="}},"fRBaO1au4spDza0HCkTpailEU4GuSC8A2hloshabEn0=":{"valueMac":{"type":"Buffer","data":"EeZ6o9H4wD26MHSxst5oLM+OCa5QPLC7XH9xstgbDLI="}},"zSgb1oom0TpTJNxku0GzXpleDCCznYQoQz31Cu6r8ik=":{"valueMac":{"type":"Buffer","data":"rGkSy/NE/al6yoDMbnV1QuZKtkm3yEeB6xW6qSn8dlg="}},"kKXyo5lBiQUb8QSrlu0+wmbmMHhYM1upOOG5jnvvN+g=":{"valueMac":{"type":"Buffer","data":"y+o7Wst8nJyZex0KV1mgc/obXEz8DVAiheasGgY/yMI="}},"Cvyz8G5mApyF9sKMHTjjmLhnrSfcG2LGuI6TBChRRiQ=":{"valueMac":{"type":"Buffer","data":"e+KkD7z7g9xILdRK8nd2Qb86uu7kCVOYldo8YHuyqBE="}},"PzacMygH46dcFpUxFKKadXA4QFQMVY78UYLA6rcdlv0=":{"valueMac":{"type":"Buffer","data":"233C5dm7iSRiYnMXvn/Sw6Y7g7F+HmYuf6bwXAFs6GE="}},"XA6Qj8CqiRT5/NDWHmRsdPIFR7iZcAFpfJQxXDqrX/c=":{"valueMac":{"type":"Buffer","data":"7FgVYH6nrGSye1PL1eBjMqUAmrC+Zxj+UCNGfik47EI="}},"OADXfh5DoZDMjS5gcBhCC6EV3Zo6F7bRQyHXf9UGygE=":{"valueMac":{"type":"Buffer","data":"sbI2j6F5sJjPJz2k/TO9wF1uELHq767DNxnX3AABcLs="}},"UgUOpBWipZofl3UC+GJDRDCHpzKG9tBqldf+zrcqA9U=":{"valueMac":{"type":"Buffer","data":"fLn/podHdEyk5tAuWOP5Whz2T1ByKinZ0nQHwYCnkg8="}},"B+p+x8JX5m0e33zrV1skAA3ZUzAdZ2W4hqPMYIt+3e8=":{"valueMac":{"type":"Buffer","data":"i3rrq0X6YjQ35D8xat6CJO2Vs2bIth3CWhopLZj+0so="}},"s2+OCjRj9fsMbLGZPUrAMids5leYT9Isdfaeo1b01WY=":{"valueMac":{"type":"Buffer","data":"o1I2gvYGDiqRlbCU9N8i377+OAQ7jkx1fJIqqd7fO3k="}},"MWwmMGBAPVBGrqTdPPvlC8GGSiB7gBGEMnATjc15Xfg=":{"valueMac":{"type":"Buffer","data":"tw2VHIrWj2FraEUiPMFnbF5dCQwVztqjhsJEtfhoZIg="}},"ONch/iJUbhTAKeq4bKmPTRJa4lc5fY9fzmWm1leCL0Q=":{"valueMac":{"type":"Buffer","data":"HBn57ZWHKM592cny9VvcalIH2OQgA+DiZrP0LVM1hKc="}},"97mALBGtcLmNNKv9zxurlXz2OOLe0qLO0y+oEC7eDlE=":{"valueMac":{"type":"Buffer","data":"KwuOzuFGDnHxUXiJMeFwBJsEIEjXO6xyOPLlxgCVPJE="}},"I3yk97AAAFPlhQbRhWR8t++Mboeh3D3LZEFZPATcfSU=":{"valueMac":{"type":"Buffer","data":"L1u77O9ditJiTqPXnRjbOOaxbColjRteaeO88kN4Kzo="}},"clkzlKhXhWAIVJsIN4orpMOiOc3XOAEc/KsJAFHpto0=":{"valueMac":{"type":"Buffer","data":"bAlQA/CIvcJ4LEqbDbTUTUQDpkspb6ryHEeVeDkrbVY="}},"k/FF89PxOM793pxsop4C3aF0FxArt5aZNrWaCY2fAyg=":{"valueMac":{"type":"Buffer","data":"RpCUm1CkcbMn5SZI8FT6DKoqxW1ITo8giaETKsrPCU8="}},"OpsPEuTgFCI3cIkKf7C+yakDFEGRBRqJzSYcLI2tTig=":{"valueMac":{"type":"Buffer","data":"Jjmu572fyi92jEbyfbWWJ8LIhksy6MO1KQ7S3YftrPo="}},"qlF8BdiNfuw+Z0nLMigufiBd0ursQg8InSUbsNcB6No=":{"valueMac":{"type":"Buffer","data":"BRMH8IdTX9jD56VpJw1OUUuFqFeEnSicK0BjlY6kE8I="}},"Gilahd4sFRenZwnrgrkNHi89WWkzsuO93WEOm3SRMJI=":{"valueMac":{"type":"Buffer","data":"trE8eF/CBK60l5BqSr7kzq+/mSvynNV3tdTEp5ROX0A="}},"dP6d0Y1rvRQJSjOO0EiW+Pv25WQUYrBzV1/5OJmtP9w=":{"valueMac":{"type":"Buffer","data":"64zFW/WqJbyu1ftEx0HtusAw7hRLi4dHtxHale+iCm8="}},"T1LJ45jYno48OZDwIUZC2wbrVsoHQJ1a41MN5Lpk+sc=":{"valueMac":{"type":"Buffer","data":"P34qqcAKdv/EsVLdpFhQPIbesLEdg5bHBQPUw84N1d4="}},"+mrkiH7Gj67WnZGcUpIwj29goeVsLcD0/lcoLQzKo54=":{"valueMac":{"type":"Buffer","data":"xq5snT2xb7ZWYdoVBApLd0kCDIvUdxeT6ALgwMEb30w="}},"J2h8HnpSFdCispZS2XN1h0NXicr44HwVi1muSUj99Yk=":{"valueMac":{"type":"Buffer","data":"pOhplkeb13FzRLa2YgnD1rjE7xSCTxxB5e9F2KotHSM="}},"gaj5LzTs61Mx3rPlpDIkhbFKeb2cxKhR11322acBCdM=":{"valueMac":{"type":"Buffer","data":"D8fvbfDKWztlDcYjBRKVgKm6SFOSfrt/9ahED4aivAs="}},"R5rMjntYtRcuBcarMgoK1eXe5hZy7XtDZUYRQos+qhg=":{"valueMac":{"type":"Buffer","data":"PH/zlGnIOQHW9Xn8j9f54hqec0aAjhEGhjbbV7tNhJQ="}},"aM13I4siD5p/Ss+o279xncg+pzQLewF5HCTZ+UrNiv0=":{"valueMac":{"type":"Buffer","data":"4pbshrH8Lg5to6nbRQBhYGNYxLMsJXoKMiBcBg9+zOI="}},"QCWS1J0+Fxx+QwmWMsDyg0Z9VjR73N+WK5f9NsUPoNE=":{"valueMac":{"type":"Buffer","data":"9S/qYc6u41kNEPX5K0mBolmqqSHhyUWhHBNzJjX/JXE="}},"n7c8gznN4hfITGSpxo+dDnoYW+iRddToGbM0l7xvMHo=":{"valueMac":{"type":"Buffer","data":"o2b2IB3jDZ2pAtq6db3UE6V/tDwCTk/OnkIkvmuZXeY="}},"XUmsebFsFz73fXgZy3LMqREzJ1fjq+MW1iZ3tPjj0mg=":{"valueMac":{"type":"Buffer","data":"0sz+KCbrXpr2axWv0c8nBpv131eQ247c9l3M+vGdpx4="}},"GBT/s2EKorDCTD1iKbdklyS1sQJVib8onCmYnbEdjek=":{"valueMac":{"type":"Buffer","data":"RZ66dK8CEbBNiMFKFygsOQJfnSULUyoXjSfTIAL4H78="}},"f/WbR1gbKdv+tdX/qUOu1PJpZcyMVurRXDtCuyB3bS8=":{"valueMac":{"type":"Buffer","data":"V7KUel4Ew7JEJa35NnRmoUay8eGm5qNR11n+WRrPH0I="}},"upFxLKJBv1KZBd43XCsYoNpCpFFTLDwKC8JlQVa5yZE=":{"valueMac":{"type":"Buffer","data":"5peI/AlKjx2IEox1o+TgNqBomaIZL2phSeqhIKx+oMA="}},"/Y+iBbpUWNJtxVqacSXs9+kNWdrmUXYa9NiU1MYAay0=":{"valueMac":{"type":"Buffer","data":"3jSNwU1nmMyFZHViezWl2VZi5j6xN/BzmC+tiD50ltY="}},"eZrdW/QnavP5k74z4yKaUOpma73jCu5ac5x8mrN72AY=":{"valueMac":{"type":"Buffer","data":"Z9r/XsELa1+8RStnKV22KOyagKWFsxsp4rr4rT+3fTA="}},"cq9KjpAZ7aHgZXFxfNi4huCsv7+0UXtr0n0hEOL0iF4=":{"valueMac":{"type":"Buffer","data":"R9omYOFSaHv/g3I/S/ddncYn+AwkhAoSl6TD/M9XKDk="}},"azTaKTA9PlsPghoZa/zBcGKV+RTmSsBewwyjNtG1sa0=":{"valueMac":{"type":"Buffer","data":"OSHZk3k4LH5evl5BNhqkLSXBCxry1oxtzTX8wbyl9V0="}},"QiqYMXq9ubzOeOZLrGOf3dTXpALT+A16IWNEFiEA9XE=":{"valueMac":{"type":"Buffer","data":"x6UKlM+T5U+r7RDXhm2u8cmU3MnKrNGTIp7EoIBztI8="}},"HwBlOm39IEjctlSHLp1OlQUnK3Bolp26R79cvg5KImI=":{"valueMac":{"type":"Buffer","data":"H5Uy4lBtBVZJviceqxRGKLlEp/1T0X5+ypGEWrEytG4="}},"pBE8iE4HhSfVWY57xj+mgLXxmekjK6rcsCu/0Rh27ko=":{"valueMac":{"type":"Buffer","data":"K6SwgoVvM6IsuAOc2adOAdq/GzZV5TrUQ4YpkVeOpGs="}},"xLsIz3h9BoJP1Q9DLPTKYvlJSSBBMerSZKMpAYfn8Xk=":{"valueMac":{"type":"Buffer","data":"cY5s+5pURit/M+IQMKe+CJnkG08gi+xsrTzvExAO+NM="}},"5kC5lVMhzJoPE1ut25lqoPug1gnrGo1izZHT4PbO7Rk=":{"valueMac":{"type":"Buffer","data":"EgO7OKwUBHuy5PoVrnjZEgazTxnK4kDzBiMLC+k5m/g="}},"sTh8K9+U7lJhevgdMOGXfIgp7w/UYcO+dAhrhU11/Kg=":{"valueMac":{"type":"Buffer","data":"hlqnzY5F59BaWdEku2Ztr4OhkEzOgXAWU4YnXSqXMZY="}},"JoCRmS21JSM27QGo051KpMInuri0Sk/5gTU+hMM2/3Q=":{"valueMac":{"type":"Buffer","data":"pLt09KhE8s+KP40LcNeFDIsS0rSCfwbwrt9VJ0hBmQ8="}},"yETh76ntGJ7m/Bvopx41NPSRCv3Y9YSwyE9J/inGS0c=":{"valueMac":{"type":"Buffer","data":"UjkSd6jewNevOhAU2y192a46ZC9tFL5+07uOMBT5V/s="}},"BPzRB8D/WwlGYMSBuXlbkdxwJz+WAH0TGK7Dbo6ntYA=":{"valueMac":{"type":"Buffer","data":"zphWWNbV9McjDg1XsO0QwGIlmvS8qSSfszXoQNnuLlw="}},"HEMv3T6bplFOxDGEyPf12MV817HzsDaJkiaT5HwzRbs=":{"valueMac":{"type":"Buffer","data":"BGer1XOLY3QMJD8XVbu7lYVqgiRLMm1HJcNYuDdOVkk="}},"FOhfhuNRQ88p2Cf0EF5Bl66JyFFWzfF0B/TOsh+N7MM=":{"valueMac":{"type":"Buffer","data":"vhlz/cJHWMTMTgoU1rwi+i7bPN3OzLjqUrzKbYH5S40="}},"H/iQfLAnpfTZiOmrB0vmfBr9wt9MBK3Q7WJf2ROLzvo=":{"valueMac":{"type":"Buffer","data":"11NWfw0nSjGlbW+3ZhJsR4HqVAhW7o8HoHq8AXPWX3o="}},"j8ewySG5EPfRssgKDIXiOBB5h0vA+DIMASkjAwJOgL8=":{"valueMac":{"type":"Buffer","data":"APMbYxvcBRHqWezC4HnwhscQBz8CNTEzlv38WI4fQ1o="}},"5qToSm7ZLYZFMbEgOi0GilZdvrjIKTjKlit8ThGtI2k=":{"valueMac":{"type":"Buffer","data":"x6I/BU678Mr1g6lwj6nhfiuI0hGLa1hLdOT9Ca2u9H4="}},"hdwzWCpeGEE8hay26WoUVqvcTqGLrAjrVhLEfpHW/WY=":{"valueMac":{"type":"Buffer","data":"AHyFpWR2GGz9NBulu8c9lxbbZAs2w0LpP1+ri+pXLiI="}},"HcvcuGWuz542Njme3Y0X79y+6tu/5RcZdAnCIOhIxN0=":{"valueMac":{"type":"Buffer","data":"XuoCjh5Vg1UdE+aS6oJ31OtgvAFdH5K7eINYFFOPSwE="}},"YdkFoWNLY7WJeDvYiq/5tHnhPDL1kQgaYSg9QWtJJvg=":{"valueMac":{"type":"Buffer","data":"royfiWB5L8JIAzHpfl6jivdblxjH5gSUnFfQZ5DmYVA="}},"m8UhXdrbwhOLE0/kZsD6+f16ww8UIiGvm1+yEsQq2TI=":{"valueMac":{"type":"Buffer","data":"nwNlIv61qSZi3G/lpIUx2Cb9ozrcS0tQe6YoULmF7lo="}},"E5k9SnUGVVvYGPAzbh97PZ8hNRDWV7irMAGi138JzY4=":{"valueMac":{"type":"Buffer","data":"LQY8yVuNXUVhutOjUUtX2FZrn/XadtyumvYI7gRzbsA="}},"yJaLG6ImFDRpmJN3RKys23BXOa2OFN+nQzu0RiOw83Y=":{"valueMac":{"type":"Buffer","data":"KrOtmIymrzaiteRZrJ9MnFFEatmzCJARHS6t1gntJHg="}},"g65NAyt1NA7ytzChJc507Xbi9/kRPHIKvn6VaS4k898=":{"valueMac":{"type":"Buffer","data":"ebNuI1N6HSkr32cI8JselHMnJKZENx+lvVrIatNLhIw="}},"wWfajsPsu83aG7i14JzwFKYpdl16ZWS7kzu5L4iAPp8=":{"valueMac":{"type":"Buffer","data":"t7pyMHTEpt06VIv+DtqhEoIli9kneolnqMWhpVJbEi0="}},"KJlG9NGH9Q8c3TbFeKP3rYhYu5a/FztYorVut+Z3Asg=":{"valueMac":{"type":"Buffer","data":"OSreCk8et+3+iWqKDHgaoeDEn/DxYU7N6aoQAKZV0pY="}},"AxVoFv7N9GB/k2ifWHi5XhspPSB6rzlVQ6URo81nG0s=":{"valueMac":{"type":"Buffer","data":"0w1Xm27+BnnlFHz/vYJD8LWeVBbVGOh3PIfSHG/qDWY="}},"adgjAtUFU8OwH1vvSfy82u1ppyiahHdqs/6EQwtp1rI=":{"valueMac":{"type":"Buffer","data":"tvI4uUJ+GRiT5JBierXpee67KHICNCsFBq9ARgOxWic="}},"HFkuxciCz2J8lHL3jAxQ2VReEHekgEXarQZkZtYG1mc=":{"valueMac":{"type":"Buffer","data":"C7nshkIM8MFwxeWw5zM3EltRLnQjnQhddNbfHpQGgwg="}},"YEg/+9CAmqG6FQUvNOmHdaXo+HjWBmb6zwTCXfiDxEs=":{"valueMac":{"type":"Buffer","data":"j8flRdvQvkGJ0XvGjhc1A9hGZ95fmXIcalU0lf0rMGo="}},"YDOI5uKHMARm7f/tIb4F/FwGUaxpf7jzmbhDJ7/uFJE=":{"valueMac":{"type":"Buffer","data":"HpzGameDT/T2eTS96pQ15LIqYFtrlxYtiL8OnMnfT/g="}},"b5BE2mma19FNyTu1BwdZJkspoUMlh4h+9JYrEYbNScw=":{"valueMac":{"type":"Buffer","data":"ZaahHI8sQDtKr0uGc0tuIPJT8kd3K3U5U1TJZUm7Oo0="}},"6JKFTMJOjY17pE3JkiTHn2Ak6mJtRACyOJVQI/s7iBY=":{"valueMac":{"type":"Buffer","data":"Kv2cm6EE7rmCB6wD5exjCjZPgdDfVLT8EqPp1romh0Y="}},"QvH53lZ9v2SBQQbsX8X11ISExQzqUCmwuPkNbA27UeQ=":{"valueMac":{"type":"Buffer","data":"wABPCRzareJB/+d1IUKWkbR9ynvCrQqn7TU2RE/W7Fk="}},"TK50hAP1wGOIydsAw7wki7QsZXTXPSj88+STpG17grk=":{"valueMac":{"type":"Buffer","data":"FpqLgK4HYkvhpQSFf8aGercPRoqUc+DK3buB82h/6CQ="}},"b5KL5Rew9F7r2SzLujCUElhzKTRWk5dwtjefQzZnTr4=":{"valueMac":{"type":"Buffer","data":"RUMMAb3YsyjDFn5I9hhnc0Z1PD4UMcCyrB/T9kjNRW4="}},"vtG4eX1aknvrFq4sBT6HU9Wjq79dvauld68IN91A+8g=":{"valueMac":{"type":"Buffer","data":"wsKSE7Pf930AelvYHWqSgWlglD2BBsu56yKSgl45h8s="}},"RbZI2hXV5E/vN+NOqfy+qy+1VDdfzFYY3oMxQKxi9+o=":{"valueMac":{"type":"Buffer","data":"FWi48BzVjHlr8dH9PxIg+ek8nhHcqgb6oXxPhmXcs3g="}},"HEVT2vD7T65LCAAVeZ4USX4NZaMyBQesjOKaYL16KvY=":{"valueMac":{"type":"Buffer","data":"T+LFTUrHtKiUNSXRf8S0QTeqXPOSuy/hJ+TZS3KO6CA="}},"6NqJMX4Zl+rSGvc2RbGvjYr3qRPwtfBnvruL6It5vyo=":{"valueMac":{"type":"Buffer","data":"o6qk1eonMm/ly0+4AkuBuJUPjTBhNep0RzcehQ8KXTo="}},"J6ltPyWC+Y+rMC9mbf0/42WC1O7uZYk2V38fDUXZVu4=":{"valueMac":{"type":"Buffer","data":"d5Dq3Ikx+nmS0zf4U052BHx4WSyvyCInky2mtl7c4Hg="}},"WOsmFJ0XEIs1eApKLYO2RIXvNI1EoxMjAdT5vHvjTy4=":{"valueMac":{"type":"Buffer","data":"OmKLD8F+h9SMrcbryVHYvNgbJn1TuwIJ43ZMf6goISE="}},"girbbRt27AklJmiwLNOyuMe8RRn2Xo51KWLWSBHccu4=":{"valueMac":{"type":"Buffer","data":"MExVyw2eCjfpFIFCiZfmPEHhxAlql6XeImyn1zX9OtY="}},"b7N1zTH3rBjnpLHwqbsexXZN2p2TZdqXAB1cvOt2O8s=":{"valueMac":{"type":"Buffer","data":"YV0kwHsvowwPwTRGt1BHKB0Yjfzyp04EClvJmW7RdpE="}},"7sC+PRBDPZ/C4qYWgdiOVtOxaqsEMxaKaACSWgAnAFo=":{"valueMac":{"type":"Buffer","data":"FUa8gVrAyZFO+p5KdlDTS7H+A27CduocErcaj8vYRGw="}},"ozmM56/Qe/CHJ16z1MVVA/CXoyovrYGryEQd8uIBY7k=":{"valueMac":{"type":"Buffer","data":"xO8zxpRpSM8380XQShiBsq06ECj4D5ln1cj2fnfZRjI="}},"KPTnp8vYmL1egelDXZv7DFZ2RGU/0MCWA9z2lwy7mBw=":{"valueMac":{"type":"Buffer","data":"ovYLiZ02mAbCqdRaWocBPRXub372gqgZZ6zHCFxwb/w="}},"JdBn2gfvFhHSbnK2LdF8WYEaNLi5+8+9FsdZf4a/3d8=":{"valueMac":{"type":"Buffer","data":"JtqExUra+TUATsDnY4uip3dqXJZZUAL/IQumBF2Zd1s="}}}}