{"noiseKey":{"private":{"type":"Buffer","data":"oM+r9VOTII7Obr06a7rOkw2jFrwDPyQeoVMIGticxlU="},"public":{"type":"Buffer","data":"dkDGz0kbhVA4Ylg/S+ua9AeGBpux63tDtxk0RE7ztXk="}},"signedIdentityKey":{"private":{"type":"Buffer","data":"GPGYeNNsK07aFVvDqL25OK80m4TH9Pfm121ecuVsNFE="},"public":{"type":"Buffer","data":"NkvMVRz18QYdTgsUYQo32gdWEDR9thBkcv7I3BJIa2U="}},"signedPreKey":{"keyPair":{"private":{"type":"Buffer","data":"cPwnO+TpEzwzS9Jz8FIlAmWPKB1G7tNuoi0PKNC7UUs="},"public":{"type":"Buffer","data":"+V0zSpVIfc/UFnRKhczU1XVgB+PtwXTBM7Ga18xHHiU="}},"signature":{"type":"Buffer","data":"UVaCHhXPtirFZew9P0GYJFb+PZ5mC/EdB16juhnbcGGDds3Uy8U5/mKexJ1vCuXA1smSybJv/vYCCjWzpxKajA=="},"keyId":1},"registrationId":44,"advSecretKey":"nHuWO1d9bkUIHwvhvVmMaHDUWcD9KlbgYFCHbiTYEBo=","processedHistoryMessages":[{"key":{"remoteJid":"994402259688@s.whatsapp.net","fromMe":true,"id":"5DC7CFF4FD42DA0809B98775DC9A66F5"},"messageTimestamp":1700848090},{"key":{"remoteJid":"994402259688@s.whatsapp.net","fromMe":true,"id":"857294F4B8D88128D6B829A4A3D012EF"},"messageTimestamp":1700848091},{"key":{"remoteJid":"994402259688@s.whatsapp.net","fromMe":true,"id":"4397D6073BD5B6908B17E7C765943CFA"},"messageTimestamp":1700848092},{"key":{"remoteJid":"994402259688@s.whatsapp.net","fromMe":true,"id":"8455263EA415605EB9C9C58C46AA4537"},"messageTimestamp":1700848092}],"nextPreKeyId":31,"firstUnuploadedPreKeyId":31,"accountSyncCounter":1,"accountSettings":{"unarchiveChats":false},"deviceId":"iObBHtSGRGuFaL_XBmBe5Q","phoneId":"cb8314a3-2471-4975-ac36-149b50be5915","identityId":{"type":"Buffer","data":"/xCNd/qd8LtNimFikiyOGmRh39M="},"registered":false,"backupToken":{"type":"Buffer","data":"YDpKkXVDKnQDNpTYDDdH50zfgKc="},"registration":{},"account":{"details":"CJy14IMHENfDg6sGGAE=","accountSignatureKey":"rNWvOuAweDkTwR0LQg1o2RN2YleCoqGRQHlvz6cbOQs=","accountSignature":"48sgC7Sl+PpVnvRqM7JjQCRXvWxKMVsblcnk/ois/Zm1ZXGuawE6YDY9tE603lQypIlq3Q+1+NqhO15aWEldBg==","deviceSignature":"9u61BlzuBTU3nO9QCppJMUatFIAZ5EtNEpaVMAt4WqzDlAJzknNt2YirqJh995fs7g8ZWjswMlfqqn+Qw397hw=="},"me":{"id":"994402259688:4@s.whatsapp.net","name":"."},"signalIdentities":[{"identifier":{"name":"994402259688:4@s.whatsapp.net","deviceId":0},"identifierKey":{"type":"Buffer","data":"BazVrzrgMHg5E8EdC0INaNkTdmJXgqKhkUB5b8+nGzkL"}}],"platform":"android","lastAccountSyncTimestamp":1700848089,"myAppStateKeyId":"AAAAAJkz"}