{"_sessions":{"BcEDtqZTyNLESzdqT8EmpivSrzkWc5K3TcY8paDB1WYP":{"registrationId":914031880,"currentRatchet":{"ephemeralKeyPair":{"pubKey":"BS0KPQ0SwmZO8QyAhVVCb+CvTPoowtbPQlA7EQRp0kdM","privKey":"YPPFYIMAe1Aa1aLAB9d8xUuNbvLLJbsx9i+g90S/KWg="},"lastRemoteEphemeralKey":"BVFWGYNiPUt3+H7+xaslN0y2WkloIH3j0pHpMNocCLle","previousCounter":0,"rootKey":"p+iMRtgkI0dCieMQ31nuwbQc2j9tYvXTx8CRTy4BylA="},"indexInfo":{"baseKey":"BcEDtqZTyNLESzdqT8EmpivSrzkWc5K3TcY8paDB1WYP","baseKeyType":2,"closed":-1,"used":1700848090159,"created":1700848090159,"remoteIdentityKey":"BazVrzrgMHg5E8EdC0INaNkTdmJXgqKhkUB5b8+nGzkL"},"_chains":{"BVFWGYNiPUt3+H7+xaslN0y2WkloIH3j0pHpMNocCLle":{"chainKey":{"counter":7,"key":"ZJZe5Fe+Z0RX2G8Gl5bFPEK5nDBHEszzvysXqGHNcBs="},"chainType":2,"messageKeys":{}},"BS0KPQ0SwmZO8QyAhVVCb+CvTPoowtbPQlA7EQRp0kdM":{"chainKey":{"counter":3,"key":"bK+lrmE5suc5UqYTEXJhaTSJhGQ9lmmuInDX/jMiyNg="},"chainType":1,"messageKeys":{}}}}},"version":"v1"}